,Cppcheck,Flawfinder,Scan-build
Cppcheck,1.0,0.038461538461538464,0.10526315789473684
Flawfinder,0.038461538461538464,1.0,0.14285714285714285
Scan-build,0.10526315789473684,0.14285714285714285,1.0
