,Cppcheck,Flawfinder,Scan-build
Cppcheck,1.0,0.03125,0.13636363636363635
Flawfinder,0.03125,1.0,0.125
Scan-build,0.13636363636363635,0.125,1.0
